{
    "accuracy": 0.7972972972972973,
    "balanced_accuracy": 0.8604519774011299,
    "precision": 0.9888888888888889,
    "recall": 0.7542372881355932,
    "f1_score": 0.8557692307692307,
    "roc_auc": 0.9463276836158192,
    "pr_auc": 0.9799873155396823,
    "mcc": 0.5936682014887462,
    "false_positive_rate": 0.03333333333333333,
    "false_negative_rate": 0.2457627118644068,
    "average_detection_delay_samples": 1.3982300884955752,
    "average_latency_ms": 43.57419110400898,
    "p95_latency_ms": 73.80323499819497,
    "cpu_utilization_percent": 24.1,
    "model_memory_usage_mb": 213.31640625,
    "confusion_matrix": {
        "tn": 29,
        "fp": 1,
        "fn": 29,
        "tp": 89
    }
}