{
    "Cell1": {
        "mean": 0.015686676199106526,
        "std": 0.11199777372593349,
        "threshold": 0.35167999737690697
    },
    "Cell2": {
        "mean": 0.014706859356534915,
        "std": 0.08159130007619242,
        "threshold": 0.2594807595851122
    },
    "Cell3": {
        "mean": 0.015883854734803003,
        "std": 0.0567879676292548,
        "threshold": 0.1862477576225674
    },
    "Cell4": {
        "mean": 0.01322292615742231,
        "std": 0.10789331707132035,
        "threshold": 0.3369028773713834
    },
    "Current": {
        "mean": 0.011125796897774086,
        "std": 0.06420452075213533,
        "threshold": 0.20373935915418007
    },
    "Temperature": {
        "mean": 0.019555167543614898,
        "std": 0.05592487925990567,
        "threshold": 0.1873298053233319
    },
    "Gas": {
        "mean": 0.009514441743327245,
        "std": 0.06721759844583731,
        "threshold": 0.2111672370808392
    },
    "Vibration": {
        "mean": 0.015380388127176809,
        "std": 0.07333731660901778,
        "threshold": 0.23539233795423017
    }
}